Role,Type
Web Developer,ISTJ
Web Developer,ISTJ
Web Developer,ISTJ
Web Developer,ISTJ
Web Developer,ISTJ
Web Developer,ISTJ
Web Developer,ISTJ
Web Developer,ISTJ
Web Developer,ISTJ
Web Developer,ISTJ
Web Developer,ISTJ
Web Developer,ISTJ
Web Developer,ISTJ
Web Developer,ISTJ
Web Developer,ISTJ
Web Developer,ISTJ
Web Developer,ISTJ
Web Developer,ISTJ
Web Developer,ISTJ
Web Developer,ISTJ
Web Developer,ISTJ
Web Developer,ISTJ
Web Developer,ISFJ
Web Developer,ISFJ
Web Developer,ISFJ
Web Developer,ISFJ
Web Developer,ISFJ
Web Developer,ISFJ
Web Developer,INFJ
Web Developer,INTJ
Web Developer,INTJ
Web Developer,INTJ
Web Developer,INTJ
Web Developer,ISTP
Web Developer,ISTP
Web Developer,ISTP
Web Developer,ISFP
Web Developer,ISFP
Web Developer,ISFP
Web Developer,ISFP
Web Developer,ISFP
Web Developer,ISFP
Web Developer,INFP
Web Developer,INFP
Web Developer,INFP
Web Developer,INFP
Web Developer,INFP
Web Developer,INFP
Web Developer,INFP
Web Developer,INTP
Web Developer,INTP
Web Developer,INTP
Web Developer,INTP
Web Developer,INTP
Web Developer,INTP
Web Developer,INTP
Web Developer,ESTP
Web Developer,ESTP
Web Developer,ESTP
Web Developer,ESTP
Web Developer,ESTP
Web Developer,ESTP
Web Developer,ESFP
Web Developer,ESFP
Web Developer,ESFP
Web Developer,ESFP
Web Developer,ESFP
Web Developer,ESFP
Web Developer,ENFP
Web Developer,ENFP
Web Developer,ENFP
Web Developer,ENFP
Web Developer,ENFP
Web Developer,ENFP
Web Developer,ENTP
Web Developer,ENTP
Web Developer,ENTP
Web Developer,ESTJ
Web Developer,ESTJ
Web Developer,ESTJ
Web Developer,ESTJ
Web Developer,ESTJ
Web Developer,ESTJ
Web Developer,ESTJ
Web Developer,ESTJ
Web Developer,ESTJ
Web Developer,ESTJ
Web Developer,ESTJ
Web Developer,ESTJ
Web Developer,ESFJ
Web Developer,ESFJ
Web Developer,ESFJ
Web Developer,ESFJ
Web Developer,ESFJ
Web Developer,ESFJ
Web Developer,ENFJ
Web Developer,ENFJ
Web Developer,ENTJ
Web Developer,ENTJ
Web Developer,ENTJ
Front End Developer,ISTJ
Front End Developer,ISTJ
Front End Developer,ISTJ
Front End Developer,ISTJ
Front End Developer,ISTJ
Front End Developer,ISTJ
Front End Developer,ISTJ
Front End Developer,ISTJ
Front End Developer,ISTJ
Front End Developer,ISTJ
Front End Developer,ISFJ
Front End Developer,ISFJ
Front End Developer,ISFJ
Front End Developer,ISFJ
Front End Developer,ISFJ
Front End Developer,INFJ
Front End Developer,INFJ
Front End Developer,INFJ
Front End Developer,INFJ
Front End Developer,INFJ
Front End Developer,INFJ
Front End Developer,INFJ
Front End Developer,INTJ
Front End Developer,INTJ
Front End Developer,INTJ
Front End Developer,INTJ
Front End Developer,INTJ
Front End Developer,INTJ
Front End Developer,INTJ
Front End Developer,ISTP
Front End Developer,ISTP
Front End Developer,ISTP
Front End Developer,ISTP
Front End Developer,ISTP
Front End Developer,ISTP
Front End Developer,ISTP
Front End Developer,ISTP
Front End Developer,ISFP
Front End Developer,ISFP
Front End Developer,ISFP
Front End Developer,ISFP
Front End Developer,ISFP
Front End Developer,ISFP
Front End Developer,ISFP
Front End Developer,INFP
Front End Developer,INFP
Front End Developer,INFP
Front End Developer,INFP
Front End Developer,INFP
Front End Developer,INFP
Front End Developer,INFP
Front End Developer,INTP
Front End Developer,INTP
Front End Developer,INTP
Front End Developer,INTP
Front End Developer,INTP
Front End Developer,INTP
Front End Developer,INTP
Front End Developer,INTP
Front End Developer,INTP
Front End Developer,INTP
Front End Developer,ESTP
Front End Developer,ESFP
Front End Developer,ESFP
Front End Developer,ESFP
Front End Developer,ENFP
Front End Developer,ENFP
Front End Developer,ENFP
Front End Developer,ENTP
Front End Developer,ENTP
Front End Developer,ENTP
Front End Developer,ENTP
Front End Developer,ENTP
Front End Developer,ENTP
Front End Developer,ENTP
Front End Developer,ESTJ
Front End Developer,ESTJ
Front End Developer,ESTJ
Front End Developer,ESTJ
Front End Developer,ESTJ
Front End Developer,ESTJ
Front End Developer,ESTJ
Front End Developer,ESTJ
Front End Developer,ESFJ
Front End Developer,ESFJ
Front End Developer,ESFJ
Front End Developer,ENFJ
Front End Developer,ENFJ
Front End Developer,ENFJ
Front End Developer,ENFJ
Front End Developer,ENFJ
Front End Developer,ENFJ
Front End Developer,ENFJ
Front End Developer,ENTJ
Front End Developer,ENTJ
Front End Developer,ENTJ
Front End Developer,ENTJ
Front End Developer,ENTJ
Front End Developer,ENTJ
Front End Developer,ENTJ
Software Engineer,ISTJ
Software Engineer,ISTJ
Software Engineer,ISTJ
Software Engineer,ISTJ
Software Engineer,ISTJ
Software Engineer,ISTJ
Software Engineer,ISTJ
Software Engineer,ISTJ
Software Engineer,ISTJ
Software Engineer,ISTJ
Software Engineer,ISTJ
Software Engineer,ISTJ
Software Engineer,ISTJ
Software Engineer,ISTJ
Software Engineer,ISTJ
Software Engineer,ISTJ
Software Engineer,ISTJ
Software Engineer,ISTJ
Software Engineer,ISTJ
Software Engineer,ISTJ
Software Engineer,ISFJ
Software Engineer,ISFJ
Software Engineer,ISFJ
Software Engineer,INFJ
Software Engineer,INFJ
Software Engineer,INFJ
Software Engineer,INTJ
Software Engineer,INTJ
Software Engineer,INTJ
Software Engineer,INTJ
Software Engineer,INTJ
Software Engineer,INTJ
Software Engineer,INTJ
Software Engineer,INTJ
Software Engineer,INTJ
Software Engineer,INTJ
Software Engineer,ISTP
Software Engineer,ISTP
Software Engineer,ISTP
Software Engineer,ISTP
Software Engineer,ISTP
Software Engineer,ISTP
Software Engineer,ISTP
Software Engineer,ISTP
Software Engineer,ISFP
Software Engineer,ISFP
Software Engineer,ISFP
Software Engineer,INFP
Software Engineer,INFP
Software Engineer,INFP
Software Engineer,INFP
Software Engineer,INTP
Software Engineer,INTP
Software Engineer,INTP
Software Engineer,INTP
Software Engineer,INTP
Software Engineer,INTP
Software Engineer,INTP
Software Engineer,INTP
Software Engineer,INTP
Software Engineer,INTP
Software Engineer,ESTP
Software Engineer,ESTP
Software Engineer,ESTP
Software Engineer,ESTP
Software Engineer,ESTP
Software Engineer,ESFP
Software Engineer,ESFP
Software Engineer,ENFP
Software Engineer,ENFP
Software Engineer,ENFP
Software Engineer,ENFP
Software Engineer,ENTP
Software Engineer,ENTP
Software Engineer,ENTP
Software Engineer,ENTP
Software Engineer,ENTP
Software Engineer,ENTP
Software Engineer,ENTP
Software Engineer,ESTJ
Software Engineer,ESTJ
Software Engineer,ESTJ
Software Engineer,ESTJ
Software Engineer,ESTJ
Software Engineer,ESTJ
Software Engineer,ESTJ
Software Engineer,ESTJ
Software Engineer,ESTJ
Software Engineer,ESTJ
Software Engineer,ESTJ
Software Engineer,ESFJ
Software Engineer,ESFJ
Software Engineer,ESFJ
Software Engineer,ENFJ
Software Engineer,ENFJ
Software Engineer,ENTJ
Software Engineer,ENTJ
Software Engineer,ENTJ
Software Engineer,ENTJ
Software Engineer,ENTJ
Computer Engineer,ISTJ
Computer Engineer,ISTJ
Computer Engineer,ISTJ
Computer Engineer,ISTJ
Computer Engineer,ISTJ
Computer Engineer,ISTJ
Computer Engineer,ISTJ
Computer Engineer,ISTJ
Computer Engineer,ISTJ
Computer Engineer,ISTJ
Computer Engineer,ISTJ
Computer Engineer,ISTJ
Computer Engineer,ISTJ
Computer Engineer,ISTJ
Computer Engineer,ISTJ
Computer Engineer,ISTJ
Computer Engineer,ISTJ
Computer Engineer,ISTJ
Computer Engineer,ISTJ
Computer Engineer,ISTJ
Computer Engineer,ISFJ
Computer Engineer,ISFJ
Computer Engineer,ISFJ
Computer Engineer,INFJ
Computer Engineer,INFJ
Computer Engineer,INFJ
Computer Engineer,INFJ
Computer Engineer,INTJ
Computer Engineer,INTJ
Computer Engineer,INTJ
Computer Engineer,INTJ
Computer Engineer,INTJ
Computer Engineer,INTJ
Computer Engineer,INTJ
Computer Engineer,INTJ
Computer Engineer,INTJ
Computer Engineer,INTJ
Computer Engineer,INTJ
Computer Engineer,INTJ
Computer Engineer,INTJ
Computer Engineer,INTJ
Computer Engineer,INTJ
Computer Engineer,ISTP
Computer Engineer,ISTP
Computer Engineer,ISTP
Computer Engineer,ISTP
Computer Engineer,ISTP
Computer Engineer,ISTP
Computer Engineer,ISTP
Computer Engineer,ISFP
Computer Engineer,ISFP
Computer Engineer,ISFP
Computer Engineer,INFP
Computer Engineer,INFP
Computer Engineer,INFP
Computer Engineer,INTP
Computer Engineer,INTP
Computer Engineer,INTP
Computer Engineer,INTP
Computer Engineer,INTP
Computer Engineer,INTP
Computer Engineer,INTP
Computer Engineer,INTP
Computer Engineer,INTP
Computer Engineer,INTP
Computer Engineer,INTP
Computer Engineer,INTP
Computer Engineer,INTP
Computer Engineer,INTP
Computer Engineer,INTP
Computer Engineer,ESTP
Computer Engineer,ESTP
Computer Engineer,ESTP
Computer Engineer,ESTP
Computer Engineer,ESFP
Computer Engineer,ESFP
Computer Engineer,ENFP
Computer Engineer,ENTP
Computer Engineer,ENTP
Computer Engineer,ENTP
Computer Engineer,ENTP
Computer Engineer,ESTJ
Computer Engineer,ESTJ
Computer Engineer,ESTJ
Computer Engineer,ESTJ
Computer Engineer,ESTJ
Computer Engineer,ESTJ
Computer Engineer,ESTJ
Computer Engineer,ESTJ
Computer Engineer,ESTJ
Computer Engineer,ESTJ
Computer Engineer,ESTJ
Computer Engineer,ESTJ
Computer Engineer,ESFJ
Computer Engineer,ENTJ
Computer Engineer,ENTJ
Computer Engineer,ENTJ
Computer Engineer,ENTJ
Computer Engineer,ENTJ
Computer Engineer,ENTJ
Computer Engineer,ENTJ
